"Reference","Qty","Value","Footprint","Manufacturer","MPN","Digikey","LCSC","Description"
"A1","1","RaspberryPi Pico","Module:RaspberryPi_Pico_Common_THT","Pimoroni","PIM724","1778-PIM724-ND","","Pimoroni Pico Plus 2"
"ANT1","1","900Mhz SMA","Connector_Coaxial:SMA_Molex_73251-1153_EdgeMount_Horizontal","Molex","0732511153"," 900-0732511153-ND","","coaxial connector (BNC, SMA, SMB, SMC, Cinch/RCA, LEMO, ...)"
"C1,C2","2","10p","Capacitor_SMD:C_0603_1608Metric","Samsung Electro-Mechanics","CL10C100JB8NNNC","1276-1027-1-ND","C1634","10P 50V C0G 0603"
"C3,C5,C7,C10,C12","5","0.1u","Capacitor_SMD:C_0603_1608Metric","Samsung Electro-Mechanics","CL10B104KB8NNNL","1276-CL10B104KB8NNNLCT-ND","C913912","0.1U 50V X7R 0603"
"C4,C6,C13","3","1u","Capacitor_SMD:C_0603_1608Metric","Samsung Electro-Mechanics","CL10B105KA8NNNC","1276-1184-1-ND","C29936","1U 25V X7R 0603"
"C8,C9","2","22u","Capacitor_SMD:C_0805_2012Metric","Samsung Electro-Mechanics","CL21A226MAYNNNE","1276-CL21A226MAYNNNECT-ND","C29936","22U 25V X5R 0805"
"C11","1","10u","Capacitor_SMD:C_0805_2012Metric","Samsung Electro-Mechanics","CL21B106KOQNNNE","1276-2872-1-ND","C95841","10U 16V X7R 0805"
"J1,J2","2","MicroFit_1x4","LEOS:Molex_MicroFit3.0_43650-0410_1x04_Horizontal","Molex","0436500409","WM1882CT-ND","C563846","Molex MicroFit3.0 1x4 Bus Connector"
"R1","1","120","Resistor_THT:R_Axial_DIN0207_L6.3mm_D2.5mm_P7.62mm_Horizontal","Stackpole Electronics Inc","CF14JT120R","CF14JT120RCT-ND","","Resistor"
"R2","1","10k","Resistor_SMD:R_0805_2012Metric","Vishay Dale","CRCW080510K0FKEA","541-10.0KCCT-ND","","10 kOhms ±1% 0.25W, 1/4W Chip Resistor 0805"
"TP1","1","CAN-H Test Point","TestPoint:TestPoint_Loop_D2.60mm_Drill0.9mm_Beaded","Keystone Electronics","5004"," 36-5004-ND","","test point"
"TP2","1","CAN-L Test Point","TestPoint:TestPoint_Loop_D2.60mm_Drill0.9mm_Beaded","Keystone Electronics","5116"," 36-5116-ND","","test point"
"TP3","1","5V Test Point","TestPoint:TestPoint_Loop_D2.60mm_Drill0.9mm_Beaded","Keystone Electronics","5000"," 36-5000-ND","","test point"
"TP4","1","GND Test Point","TestPoint:TestPoint_Loop_D2.60mm_Drill0.9mm_Beaded","Keystone Electronics","5001"," 36-5001-ND","","test point"
"U1","1","MCP2562FD","Package_SO:SOIC-8_3.9x4.9mm_P1.27mm","Microchip Technology","MCP2562FDT-E/SN","MCP2562FDT-E/SNCT-ND","C511335","High-Speed CAN Flexible Data Rate Transceiver"
"U2","1","MCP2518FD","Package_SO:SOIC-14_3.9x8.7mm_P1.27mm","Microchip Technology","MCP2518FDT-E/SL","MCP2518FDT-E/SLCT-ND ","C626758","External CAN FD Controller with SPI Interface"
"U3","1","E22-900M30S","LEOS:XCVR_E22-900M30S","EbyteIOT","E22-900M30S","","","SX1262 868/915 MHz 1w SPI LoRa Module"
"Y1","1","40 MHz","Crystal:Crystal_SMD_2016-4Pin_2.0x1.6mm","ECS Inc,","ECS-400-10-37B2-CKY-TR","50-ECS-400-10-37B2-CKY-TRCT-ND","C5357833","40 MHz ±10ppm Crystal 10pF 40 Ohms"
